{"time_series": {"min_data": [[1612051200000.0, 0.0008096620440483093], [1614470400000.0, 0.0013192975893616676], [1617148800000.0, 0.001951947226189077]], "max_data": [[1612051200000.0, 0.0077361236326396465], [1614470400000.0, 0.008567527867853642], [1617148800000.0, 0.008001474663615227]], "median_data": [[1612051200000.0, 0.004076201876159757], [1614470400000.0, 0.004585157672408968], [1617148800000.0, 0.00468106847256422]], "mean_data": [[1612051200000.0, 0.00415432332859685], [1614470400000.0, 0.004773640190251172], [1617148800000.0, 0.00481862697051838]]}, "success": "success", "interval": "mm"}