{"time_series": {"min_data": [[1612051200000.0, 0.0007232449133880436], [1614470400000.0, 0.0008938401006162167], [1617148800000.0, 0.0017028840957209468]], "max_data": [[1612051200000.0, 0.900717556476593], [1614470400000.0, 1.4375028610229492], [1617148800000.0, 2.041353225708008]], "median_data": [[1612051200000.0, 0.445036852179328], [1614470400000.0, 0.7104160209128167], [1617148800000.0, 1.0140137298149057]], "mean_data": [[1612051200000.0, 0.44750040032279986], [1614470400000.0, 0.7148699526151177], [1617148800000.0, 1.0185754260940787]]}, "success": "success", "interval": "mm"}