{"time_series": {"min_data": [[1635638400000.0, 230.47813415527344]], "max_data": [[1635638400000.0, 368.8285827636719]], "median_data": [[1635638400000.0, 258.1399383544922]], "mean_data": [[1635638400000.0, 270.70508575439453]]}, "success": "success", "interval": "mm"}