{"time_series": {"min_data": [[1617148800000.0, 185.55804443359375]], "max_data": [[1617148800000.0, 359.568603515625]], "median_data": [[1617148800000.0, 226.7705307006836]], "mean_data": [[1617148800000.0, 241.8274663289388]]}, "success": "success", "interval": "mm"}