{"time_series": {"min_data": [[1585612800000.0, 291.5505065917969], [1588204800000.0, 299.78533935546875], [1590883200000.0, 305.0199890136719], [1593475200000.0, 310.1429443359375]], "max_data": [[1585612800000.0, 294.2347106933594], [1588204800000.0, 301.4516906738281], [1590883200000.0, 306.3164367675781], [1593475200000.0, 310.79681396484375]], "median_data": [[1585612800000.0, 292.7499237060547], [1588204800000.0, 300.42942810058594], [1590883200000.0, 305.4761657714844], [1593475200000.0, 310.73052978515625]], "mean_data": [[1585612800000.0, 292.8535512288411], [1588204800000.0, 300.5594991048177], [1590883200000.0, 305.62440490722656], [1593475200000.0, 310.6036427815755]]}, "success": "success", "interval": "mm"}