{"time_series": {"min_data": [[1617148800000.0, 0.001951947226189077]], "max_data": [[1617148800000.0, 0.008001474663615227]], "median_data": [[1617148800000.0, 0.00468106847256422]], "mean_data": [[1617148800000.0, 0.00481862697051838]]}, "success": "success", "interval": "mm"}