{"time_series": {"min_data": [[1604102400000.0, 291.23956298828125], [1606694400000.0, 283.987060546875], [1609372800000.0, 281.02569580078125]], "max_data": [[1604102400000.0, 295.3399658203125], [1606694400000.0, 288.162353515625], [1609372800000.0, 284.5625]], "median_data": [[1604102400000.0, 293.20948791503906], [1606694400000.0, 286.0531005859375], [1609372800000.0, 282.83998107910156]], "mean_data": [[1604102400000.0, 293.2978820800781], [1606694400000.0, 286.0862274169922], [1609372800000.0, 282.8203531901042]]}, "success": "success", "interval": "mm"}