{"time_series": {"min_data": [[1604102400000.0, 304.4834289550781], [1606694400000.0, 295.3372802734375], [1609372800000.0, 290.8507385253906]], "max_data": [[1604102400000.0, 305.2952575683594], [1606694400000.0, 296.4480285644531], [1609372800000.0, 292.2034606933594]], "median_data": [[1604102400000.0, 304.8007354736328], [1606694400000.0, 295.95106506347656], [1609372800000.0, 291.56919860839844]], "mean_data": [[1604102400000.0, 304.8715108235677], [1606694400000.0, 295.897211710612], [1609372800000.0, 291.5200703938802]]}, "success": "success", "interval": "mm"}