{"time_series": {"min_data": [[1585612800000.0, 234.59596252441406], [1588204800000.0, 256.76678466796875], [1590883200000.0, 213.3215789794922], [1593475200000.0, 185.37637329101562]], "max_data": [[1585612800000.0, 362.5931396484375], [1588204800000.0, 365.6999206542969], [1590883200000.0, 363.146240234375], [1593475200000.0, 365.2655334472656]], "median_data": [[1585612800000.0, 252.96759796142578], [1588204800000.0, 266.05999755859375], [1590883200000.0, 242.1472396850586], [1593475200000.0, 229.34451293945312]], "mean_data": [[1585612800000.0, 268.19263966878253], [1588204800000.0, 281.0645345052083], [1590883200000.0, 257.45324452718097], [1593475200000.0, 244.7133534749349]]}, "success": "success", "interval": "mm"}