{"time_series": {"min_data": [[1604102400000.0, 0.002486066659912467], [1606694400000.0, 0.00144570239353925], [1609372800000.0, 0.0008874538470990956]], "max_data": [[1604102400000.0, 1.5116113424301147], [1606694400000.0, 0.8007686734199524], [1609372800000.0, 0.7191048860549927]], "median_data": [[1604102400000.0, 0.75382577534765], [1606694400000.0, 0.3726535616442561], [1609372800000.0, 0.34593778420821764]], "mean_data": [[1604102400000.0, 0.755854015199778], [1606694400000.0, 0.3867362583017287], [1609372800000.0, 0.3525788838742301]]}, "success": "success", "interval": "mm"}