{"time_series": {"min_data": [[1604102400000.0, 230.47813415527344]], "max_data": [[1604102400000.0, 368.8285827636719]], "median_data": [[1604102400000.0, 254.49815368652344]], "mean_data": [[1604102400000.0, 269.4911575317383]]}, "success": "success", "interval": "mm"}