{"time_series": {"min_data": [[1233360000000.0, 279.850830078125], [1235779200000.0, 280.99713134765625], [1238457600000.0, 284.8489990234375], [1241049600000.0, 288.64935302734375], [1243728000000.0, 293.9920959472656], [1246320000000.0, 296.8433837890625], [1248998400000.0, 300.3872985839844], [1251676800000.0, 299.2017517089844], [1254268800000.0, 295.1248779296875], [1256947200000.0, 289.3763427734375], [1259539200000.0, 283.6852722167969], [1262217600000.0, 279.7855224609375]], "max_data": [[1233360000000.0, 281.11993408203125], [1235779200000.0, 282.07281494140625], [1238457600000.0, 286.2917175292969], [1241049600000.0, 289.994140625], [1243728000000.0, 295.02398681640625], [1246320000000.0, 297.7957458496094], [1248998400000.0, 301.3489074707031], [1251676800000.0, 299.953369140625], [1254268800000.0, 296.0417175292969], [1256947200000.0, 290.8507995605469], [1259539200000.0, 285.41607666015625], [1262217600000.0, 281.65142822265625]], "median_data": [[1233360000000.0, 280.30621337890625], [1235779200000.0, 281.3630828857422], [1238457600000.0, 285.3271179199219], [1241049600000.0, 289.0614318847656], [1243728000000.0, 294.3135681152344], [1246320000000.0, 297.126220703125], [1248998400000.0, 301.0579833984375], [1251676800000.0, 299.7923889160156], [1254268800000.0, 295.37571716308594], [1256947200000.0, 289.8343811035156], [1259539200000.0, 284.3026580810547], [1262217600000.0, 280.4917907714844]], "mean_data": [[1233360000000.0, 280.40342203776044], [1235779200000.0, 281.45595296223956], [1238457600000.0, 285.46547444661456], [1241049600000.0, 289.2262878417969], [1243728000000.0, 294.44334920247394], [1246320000000.0, 297.2527262369792], [1248998400000.0, 300.9835662841797], [1251676800000.0, 299.7030029296875], [1254268800000.0, 295.5115203857422], [1256947200000.0, 289.9906514485677], [1259539200000.0, 284.4339345296224], [1262217600000.0, 280.59686787923175]]}, "success": "success", "interval": "mm"}