{"time_series": {"min_data": [[1612051200000.0, 1.9727894067764282], [1614470400000.0, 3.036816358566284], [1617148800000.0, 2.0962860584259033]], "max_data": [[1612051200000.0, 2.234133005142212], [1614470400000.0, 3.226118803024292], [1617148800000.0, 2.24650502204895]], "median_data": [[1612051200000.0, 2.081531524658203], [1614470400000.0, 3.1037492752075195], [1617148800000.0, 2.1409910917282104]], "mean_data": [[1612051200000.0, 2.101745585600535], [1614470400000.0, 3.1214846769968667], [1617148800000.0, 2.157418727874756]]}, "success": "success", "interval": "mm"}