{"time_series": {"min_data": [[1604102400000.0, 0.7308984994888306], [1606694400000.0, 0.47466760873794556], [1609372800000.0, 0.7242708206176758]], "max_data": [[1604102400000.0, 1.2933825254440308], [1606694400000.0, 0.6942963600158691], [1609372800000.0, 0.8767587542533875]], "median_data": [[1604102400000.0, 1.0223501026630402], [1606694400000.0, 0.6144221425056458], [1609372800000.0, 0.7950221598148346]], "mean_data": [[1604102400000.0, 1.0176588694254558], [1606694400000.0, 0.5992453098297119], [1609372800000.0, 0.8010205725828806]]}, "success": "success", "interval": "mm"}