{"time_series": {"min_data": [[1604102400000.0, 0.002486066659912467]], "max_data": [[1604102400000.0, 1.5116113424301147]], "median_data": [[1604102400000.0, 0.75382577534765]], "mean_data": [[1604102400000.0, 0.755854015199778]]}, "success": "success", "interval": "mm"}