{"time_series": {"min_data": [[1635638400000.0, 0.002486066659912467], [1638230400000.0, 0.00144570239353925], [1640908800000.0, 0.0008874538470990956], [1643587200000.0, 0.0007232449133880436], [1646006400000.0, 0.0008938401006162167], [1648684800000.0, 0.0017028840957209468], [1651276800000.0, 0.002938848454505205], [1653955200000.0, 0.004102685023099184], [1656547200000.0, 0.0045618414878845215], [1659225600000.0, 0.004147093743085861], [1661904000000.0, 0.0035974010825157166], [1664496000000.0, 0.003308175364509225]], "max_data": [[1635638400000.0, 1.724645733833313], [1638230400000.0, 0.9673059582710266], [1640908800000.0, 0.7831884026527405], [1643587200000.0, 0.9398005604743958], [1646006400000.0, 1.4819331169128418], [1648684800000.0, 2.0386416912078857], [1651276800000.0, 2.5392262935638428], [1653955200000.0, 2.4724109172821045], [1656547200000.0, 2.7049474716186523], [1659225600000.0, 4.812030792236328], [1661904000000.0, 5.333015441894531], [1664496000000.0, 4.125410556793213]], "median_data": [[1635638400000.0, 0.7566971695050597], [1638230400000.0, 0.38646070938557386], [1640908800000.0, 0.35181331206695177], [1643587200000.0, 0.445036852179328], [1646006400000.0, 0.7104160209128167], [1648684800000.0, 0.9975636227172799], [1651276800000.0, 1.1430128869833425], [1653955200000.0, 1.2037707222625613], [1656547200000.0, 1.3008326180279255], [1659225600000.0, 2.27779204887338], [1661904000000.0, 2.5538544938899577], [1664496000000.0, 2.009118519956246]], "mean_data": [[1635638400000.0, 0.7924438959841306], [1638230400000.0, 0.4239853465890822], [1640908800000.0, 0.3679513787307466], [1643587200000.0, 0.45534099397870403], [1646006400000.0, 0.7222749952634331], [1648684800000.0, 1.0105819862607557], [1651276800000.0, 1.2137616022179525], [1653955200000.0, 1.226190764689818], [1656547200000.0, 1.3242129025359948], [1659225600000.0, 2.3327950255479664], [1661904000000.0, 2.6038226560146236], [1664496000000.0, 2.031932236122278]]}, "success": "success", "interval": "mm"}