{"time_series": {"min_data": [[1635638400000.0, 303.9754943847656]], "max_data": [[1635638400000.0, 305.12408447265625]], "median_data": [[1635638400000.0, 304.6722106933594]], "mean_data": [[1635638400000.0, 304.63083902994794]]}, "success": "success", "interval": "mm"}