{"time_series": {"min_data": [[1612051200000.0, 290.7485046386719], [1614470400000.0, 295.95379638671875], [1617148800000.0, 299.10760498046875]], "max_data": [[1612051200000.0, 291.5635681152344], [1614470400000.0, 296.48321533203125], [1617148800000.0, 300.21820068359375]], "median_data": [[1612051200000.0, 291.265869140625], [1614470400000.0, 296.2483367919922], [1617148800000.0, 299.6032257080078]], "mean_data": [[1612051200000.0, 291.19976298014325], [1614470400000.0, 296.2418467203776], [1617148800000.0, 299.62855021158856]]}, "success": "success", "interval": "mm"}