{"time_series": {"min_data": [[1635638400000.0, 230.47813415527344], [1638230400000.0, 225.05682373046875], [1640908800000.0, 234.51608276367188], [1643587200000.0, 253.8433380126953], [1646006400000.0, 271.62322998046875], [1648684800000.0, 260.1824645996094], [1651276800000.0, 243.8780517578125], [1653955200000.0, 220.59225463867188], [1656547200000.0, 200.4297637939453], [1659225600000.0, 240.85317993164062], [1661904000000.0, 275.20489501953125], [1664496000000.0, 263.5361328125]], "max_data": [[1635638400000.0, 368.8285827636719], [1638230400000.0, 366.3072204589844], [1640908800000.0, 364.8668518066406], [1643587200000.0, 365.2010803222656], [1646006400000.0, 366.4119567871094], [1648684800000.0, 365.8680114746094], [1651276800000.0, 365.98956298828125], [1653955200000.0, 365.20574951171875], [1656547200000.0, 364.9258117675781], [1659225600000.0, 370.404296875], [1661904000000.0, 374.801513671875], [1664496000000.0, 372.997802734375]], "median_data": [[1635638400000.0, 258.1399383544922], [1638230400000.0, 253.81680297851562], [1640908800000.0, 255.50244140625], [1643587200000.0, 263.8810043334961], [1646006400000.0, 274.3970642089844], [1648684800000.0, 269.3738098144531], [1651276800000.0, 262.7113800048828], [1653955200000.0, 247.34271240234375], [1656547200000.0, 238.23026275634766], [1659225600000.0, 267.863037109375], [1661904000000.0, 285.46803283691406], [1664496000000.0, 278.7176818847656]], "mean_data": [[1635638400000.0, 270.70508575439453], [1638230400000.0, 266.60777282714844], [1640908800000.0, 269.71984608968097], [1643587200000.0, 279.07324981689453], [1646006400000.0, 289.1044464111328], [1648684800000.0, 283.73169962565106], [1651276800000.0, 276.4630406697591], [1653955200000.0, 262.57591756184894], [1656547200000.0, 252.47679392496744], [1659225600000.0, 278.4590530395508], [1661904000000.0, 299.1459248860677], [1664496000000.0, 290.2383321126302]]}, "success": "success", "interval": "mm"}