{"time_series": {"min_data": [[1585612800000.0, 0.0008296492742374539], [1588204800000.0, 0.0023125994484871626], [1590883200000.0, 0.0035013870801776648], [1593475200000.0, 0.004315205849707127]], "max_data": [[1585612800000.0, 0.4664459824562073], [1588204800000.0, 2.0348169803619385], [1590883200000.0, 1.2901002168655396], [1593475200000.0, 1.877292513847351]], "median_data": [[1585612800000.0, 0.208163143863203], [1588204800000.0, 0.9988580506760627], [1590883200000.0, 0.6261184011818841], [1593475200000.0, 0.8778065606020391]], "mean_data": [[1585612800000.0, 0.21957670228827433], [1588204800000.0, 1.011578475125134], [1590883200000.0, 0.6340641135272259], [1593475200000.0, 0.9119759667664766]]}, "success": "success", "interval": "mm"}