{"time_series": {"min_data": [[1604102400000.0, 304.4834289550781], [1606694400000.0, 295.3372802734375], [1609372800000.0, 290.8507385253906], [1612051200000.0, 290.7485046386719], [1614470400000.0, 295.95379638671875], [1617148800000.0, 299.10760498046875]], "max_data": [[1604102400000.0, 305.2952575683594], [1606694400000.0, 296.4480285644531], [1609372800000.0, 292.2034606933594], [1612051200000.0, 291.5635681152344], [1614470400000.0, 296.48321533203125], [1617148800000.0, 300.21820068359375]], "median_data": [[1604102400000.0, 304.8007354736328], [1606694400000.0, 295.95106506347656], [1609372800000.0, 291.56919860839844], [1612051200000.0, 291.265869140625], [1614470400000.0, 296.2483367919922], [1617148800000.0, 299.6032257080078]], "mean_data": [[1604102400000.0, 304.8715108235677], [1606694400000.0, 295.897211710612], [1609372800000.0, 291.5200703938802], [1612051200000.0, 291.19976298014325], [1614470400000.0, 296.2418467203776], [1617148800000.0, 299.62855021158856]]}, "success": "success", "interval": "mm"}