{"time_series": {"min_data": [[1635638400000.0, 294.8354797363281], [1638230400000.0, 287.17388916015625], [1640908800000.0, 284.15350341796875], [1643587200000.0, 279.874267578125], [1646006400000.0, 280.587890625], [1648684800000.0, 281.8792724609375], [1651276800000.0, 290.6883544921875], [1653955200000.0, 296.5167236328125], [1656547200000.0, 295.06915283203125], [1659225600000.0, 302.2651062011719], [1661904000000.0, 297.3351135253906], [1664496000000.0, 298.0505676269531]], "max_data": [[1635638400000.0, 296.169189453125], [1638230400000.0, 290.05194091796875], [1640908800000.0, 287.3767395019531], [1643587200000.0, 282.6003723144531], [1646006400000.0, 283.3715515136719], [1648684800000.0, 284.3691711425781], [1651276800000.0, 295.21929931640625], [1653955200000.0, 300.8873291015625], [1656547200000.0, 299.0074768066406], [1659225600000.0, 302.83538818359375], [1661904000000.0, 297.7379455566406], [1664496000000.0, 298.80328369140625]], "median_data": [[1635638400000.0, 295.61766052246094], [1638230400000.0, 289.0030822753906], [1640908800000.0, 286.08619689941406], [1643587200000.0, 281.75328063964844], [1646006400000.0, 282.41429138183594], [1648684800000.0, 283.5214385986328], [1651276800000.0, 293.67572021484375], [1653955200000.0, 299.42828369140625], [1656547200000.0, 298.02171325683594], [1659225600000.0, 302.5902099609375], [1661904000000.0, 297.4230651855469], [1664496000000.0, 298.34999084472656]], "mean_data": [[1635638400000.0, 295.6084442138672], [1638230400000.0, 288.791997273763], [1640908800000.0, 285.9124348958333], [1643587200000.0, 281.42205301920575], [1646006400000.0, 282.1610158284505], [1648684800000.0, 283.2950134277344], [1651276800000.0, 293.26075744628906], [1653955200000.0, 298.9862314860026], [1656547200000.0, 297.36768595377606], [1659225600000.0, 302.5880482991536], [1661904000000.0, 297.4888051350911], [1664496000000.0, 298.40907796223956]]}, "success": "success", "interval": "mm"}