{"time_series": {"min_data": [[1604102400000.0, 291.23956298828125]], "max_data": [[1604102400000.0, 295.3399658203125]], "median_data": [[1604102400000.0, 293.20948791503906]], "mean_data": [[1604102400000.0, 293.2978820800781]]}, "success": "success", "interval": "mm"}