{"time_series": {"min_data": [[1604102400000.0, 193.8636932373047], [1606694400000.0, 187.44044494628906], [1609372800000.0, 187.59048461914062]], "max_data": [[1604102400000.0, 367.17230224609375], [1606694400000.0, 364.4604797363281], [1609372800000.0, 362.7401123046875]], "median_data": [[1604102400000.0, 237.24546813964844], [1606694400000.0, 231.58096313476562], [1609372800000.0, 230.26497650146484]], "mean_data": [[1604102400000.0, 251.11966705322266], [1606694400000.0, 246.0143585205078], [1609372800000.0, 244.9467569986979]]}, "success": "success", "interval": "mm"}