{"time_series": {"min_data": [[1635638400000.0, 0.0025441909674555063], [1638230400000.0, 0.0016166764544323087], [1640908800000.0, 0.0011604054598137736], [1643587200000.0, 0.0008227502112276852], [1646006400000.0, 0.0008016431238502264], [1648684800000.0, 0.001083221985027194], [1651276800000.0, 0.003421422792598605], [1653955200000.0, 0.004328266717493534], [1656547200000.0, 0.004474323708564043], [1659225600000.0, 0.0037819002754986286], [1661904000000.0, 0.003230738453567028], [1664496000000.0, 0.0031307826284319162]], "max_data": [[1635638400000.0, 2.9816675186157227], [1638230400000.0, 1.4099971055984497], [1640908800000.0, 0.9285521507263184], [1643587200000.0, 0.7005375623703003], [1646006400000.0, 1.3311474323272705], [1648684800000.0, 1.5113427639007568], [1651276800000.0, 1.9593459367752075], [1653955200000.0, 1.886287808418274], [1656547200000.0, 1.8828781843185425], [1659225600000.0, 3.5272510051727295], [1661904000000.0, 5.413794040679932], [1664496000000.0, 4.987840175628662]], "median_data": [[1635638400000.0, 1.2538183816941455], [1638230400000.0, 0.6586068830220029], [1640908800000.0, 0.454858481825795], [1643587200000.0, 0.3384797119651921], [1646006400000.0, 0.6457188533386216], [1648684800000.0, 0.7297054241062142], [1651276800000.0, 0.9267712174914777], [1653955200000.0, 0.9320829876232892], [1656547200000.0, 0.922610747627914], [1659225600000.0, 1.645858751842752], [1661904000000.0, 2.3756221398944035], [1664496000000.0, 2.276224253932014]], "mean_data": [[1635638400000.0, 1.360029691287006], [1638230400000.0, 0.6747490751828688], [1640908800000.0, 0.4604715502355248], [1643587200000.0, 0.3456054295335586], [1646006400000.0, 0.6584409843781032], [1648684800000.0, 0.7451290803922651], [1651276800000.0, 0.9602868763419489], [1653955200000.0, 0.938924211775884], [1656547200000.0, 0.9305033426110944], [1659225600000.0, 1.6857545364182442], [1661904000000.0, 2.488208882122611], [1664496000000.0, 2.3637945099423328]]}, "success": "success", "interval": "mm"}