{"time_series": {"min_data": [[1612051200000.0, 0.6315456628799438], [1614470400000.0, 0.6496514081954956], [1617148800000.0, 3.9210524559020996]], "max_data": [[1612051200000.0, 0.9722805619239807], [1614470400000.0, 0.82756108045578], [1617148800000.0, 4.113179683685303]], "median_data": [[1612051200000.0, 0.8568693995475769], [1614470400000.0, 0.7435691952705383], [1617148800000.0, 4.010802149772644]], "mean_data": [[1612051200000.0, 0.8265417516231537], [1614470400000.0, 0.7426290710767111], [1617148800000.0, 4.018235921859741]]}, "success": "success", "interval": "mm"}