{"time_series": {"min_data": [[1233360000000.0, 0.000668365100864321], [1235779200000.0, 0.0008154817041940987], [1238457600000.0, 0.0016841506585478783], [1241049600000.0, 0.002554406877607107], [1243728000000.0, 0.004111852031201124], [1246320000000.0, 0.004637492820620537], [1248998400000.0, 0.004722381941974163], [1251676800000.0, 0.004314047284424305], [1254268800000.0, 0.003686189418658614], [1256947200000.0, 0.0026774341240525246], [1259539200000.0, 0.0014427091227844357], [1262217600000.0, 0.0008120576967485249]], "max_data": [[1233360000000.0, 1.0994682312011719], [1235779200000.0, 1.516438603401184], [1238457600000.0, 2.291088342666626], [1241049600000.0, 2.8624536991119385], [1243728000000.0, 2.336167335510254], [1246320000000.0, 2.5645039081573486], [1248998400000.0, 2.842775583267212], [1251676800000.0, 4.296311855316162], [1254268800000.0, 2.847115993499756], [1256947200000.0, 0.9215788841247559], [1259539200000.0, 0.26525700092315674], [1262217600000.0, 0.38555267453193665]], "median_data": [[1233360000000.0, 0.5454284494626336], [1235779200000.0, 0.747708407783648], [1238457600000.0, 1.1220427000662312], [1241049600000.0, 1.3589526921277866], [1243728000000.0, 1.135327955475077], [1246320000000.0, 1.24810219113715], [1248998400000.0, 1.3498366279527545], [1251676800000.0, 2.0782846708316356], [1254268800000.0, 1.348679115762934], [1256947200000.0, 0.45158037613146007], [1259539200000.0, 0.11371619941201061], [1262217600000.0, 0.1794131852220744]], "mean_data": [[1233360000000.0, 0.5476565427573709], [1235779200000.0, 0.7535128051919552], [1238457600000.0, 1.137116415251512], [1241049600000.0, 1.4034975201745208], [1243728000000.0, 1.1507679944237073], [1246320000000.0, 1.2667745960255463], [1248998400000.0, 1.391284419844548], [1251676800000.0, 2.116353351312379], [1254268800000.0, 1.3890590824885294], [1256947200000.0, 0.4570361157335962], [1259539200000.0, 0.12321367328210424], [1262217600000.0, 0.18643485001909235]]}, "success": "success", "interval": "mm"}