{"singleline": [[1604188800000, -0.35765701261433686, 11, 2020], [1606780800000, -0.6158082810315219, 12, 2020], [1609459200000, -0.11950038689555544, 1, 2021], [1612137600000, -0.9895767425045823, 2, 2021], [1614556800000, 0.6702076332135634, 3, 2021], [1617235200000, -0.3939438516443426, 4, 2021], [1619827200000, 0.15598081225162427, 5, 2021], [1622505600000, -0.5416706249569402, 6, 2021]], "multiline": {"min": [[1604188800000, -1.0091964421850261], [1604188800000, -1.0091964421850261], [1604188800000, -1.0091964421850261], [1604188800000, -1.0091964421850261], [1604188800000, -1.0091964421850261], [1604188800000, -1.0091964421850261], [1604188800000, -1.0091964421850261], [1604188800000, -1.0091964421850261], [1606780800000, -1.082154606327866], [1606780800000, -1.082154606327866], [1606780800000, -1.082154606327866], [1606780800000, -1.082154606327866], [1606780800000, -1.082154606327866], [1606780800000, -1.082154606327866], [1606780800000, -1.082154606327866], [1606780800000, -1.082154606327866], [1609459200000, -1.1726606217297642], [1609459200000, -1.1726606217297642], [1609459200000, -1.1726606217297642], [1609459200000, -1.1726606217297642], [1609459200000, -1.1726606217297642], [1609459200000, -1.1726606217297642], [1609459200000, -1.1726606217297642], [1609459200000, -1.1726606217297642], [1612137600000, -1.3941015474724048], [1612137600000, -1.3941015474724048], [1612137600000, -1.3941015474724048], [1612137600000, -1.3941015474724048], [1612137600000, -1.3941015474724048], [1612137600000, -1.3941015474724048], [1612137600000, -1.3941015474724048], [1612137600000, -1.3941015474724048], [1614556800000, -0.6809653558514335], [1614556800000, -0.6809653558514335], [1614556800000, -0.6809653558514335], [1614556800000, -0.6809653558514335], [1614556800000, -0.6809653558514335], [1614556800000, -0.6809653558514335], [1614556800000, -0.6809653558514335], [1614556800000, -0.6809653558514335], [1617235200000, -1.5500686277042737], [1617235200000, -1.5500686277042737], [1617235200000, -1.5500686277042737], [1617235200000, -1.5500686277042737], [1617235200000, -1.5500686277042737], [1617235200000, -1.5500686277042737], [1617235200000, -1.5500686277042737], [1617235200000, -1.5500686277042737], [1619827200000, -1.104078592676105], [1619827200000, -1.104078592676105], [1619827200000, -1.104078592676105], [1619827200000, -1.104078592676105], [1619827200000, -1.104078592676105], [1619827200000, -1.104078592676105], [1619827200000, -1.104078592676105], [1619827200000, -1.104078592676105], [1622505600000, -0.9883771484548395], [1622505600000, -0.9883771484548395], [1622505600000, -0.9883771484548395], [1622505600000, -0.9883771484548395], [1622505600000, -0.9883771484548395], [1622505600000, -0.9883771484548395], [1622505600000, -0.9883771484548395], [1622505600000, -0.9883771484548395]], "max": [[1604188800000, 1.3602776997017139], [1604188800000, 1.3602776997017139], [1604188800000, 1.3602776997017139], [1604188800000, 1.3602776997017139], [1604188800000, 1.3602776997017139], [1604188800000, 1.3602776997017139], [1604188800000, 1.3602776997017139], [1604188800000, 1.3602776997017139], [1606780800000, 0.35411137472273724], [1606780800000, 0.35411137472273724], [1606780800000, 0.35411137472273724], [1606780800000, 0.35411137472273724], [1606780800000, 0.35411137472273724], [1606780800000, 0.35411137472273724], [1606780800000, 0.35411137472273724], [1606780800000, 0.35411137472273724], [1609459200000, 1.2625322594787136], [1609459200000, 1.2625322594787136], [1609459200000, 1.2625322594787136], [1609459200000, 1.2625322594787136], [1609459200000, 1.2625322594787136], [1609459200000, 1.2625322594787136], [1609459200000, 1.2625322594787136], [1609459200000, 1.2625322594787136], [1612137600000, -0.32494778502168076], [1612137600000, -0.32494778502168076], [1612137600000, -0.32494778502168076], [1612137600000, -0.32494778502168076], [1612137600000, -0.32494778502168076], [1612137600000, -0.32494778502168076], [1612137600000, -0.32494778502168076], [1612137600000, -0.32494778502168076], [1614556800000, 2.9846373615842876], [1614556800000, 2.9846373615842876], [1614556800000, 2.9846373615842876], [1614556800000, 2.9846373615842876], [1614556800000, 2.9846373615842876], [1614556800000, 2.9846373615842876], [1614556800000, 2.9846373615842876], [1614556800000, 2.9846373615842876], [1617235200000, 0.3920515179634094], [1617235200000, 0.3920515179634094], [1617235200000, 0.3920515179634094], [1617235200000, 0.3920515179634094], [1617235200000, 0.3920515179634094], [1617235200000, 0.3920515179634094], [1617235200000, 0.3920515179634094], [1617235200000, 0.3920515179634094], [1619827200000, 1.7805570923920833], [1619827200000, 1.7805570923920833], [1619827200000, 1.7805570923920833], [1619827200000, 1.7805570923920833], [1619827200000, 1.7805570923920833], [1619827200000, 1.7805570923920833], [1619827200000, 1.7805570923920833], [1619827200000, 1.7805570923920833], [1622505600000, 0.25292506034020334], [1622505600000, 0.25292506034020334], [1622505600000, 0.25292506034020334], [1622505600000, 0.25292506034020334], [1622505600000, 0.25292506034020334], [1622505600000, 0.25292506034020334], [1622505600000, 0.25292506034020334], [1622505600000, 0.25292506034020334]], "mean": [[1604188800000, -0.3576570129477081], [1604188800000, -0.3576570129477081], [1604188800000, -0.3576570129477081], [1604188800000, -0.3576570129477081], [1604188800000, -0.3576570129477081], [1604188800000, -0.3576570129477081], [1604188800000, -0.3576570129477081], [1604188800000, -0.3576570129477081], [1606780800000, -0.6158082829435554], [1606780800000, -0.6158082829435554], [1606780800000, -0.6158082829435554], [1606780800000, -0.6158082829435554], [1606780800000, -0.6158082829435554], [1606780800000, -0.6158082829435554], [1606780800000, -0.6158082829435554], [1606780800000, -0.6158082829435554], [1609459200000, -0.11950038654278175], [1609459200000, -0.11950038654278175], [1609459200000, -0.11950038654278175], [1609459200000, -0.11950038654278175], [1609459200000, -0.11950038654278175], [1609459200000, -0.11950038654278175], [1609459200000, -0.11950038654278175], [1609459200000, -0.11950038654278175], [1612137600000, -0.9895767437181237], [1612137600000, -0.9895767437181237], [1612137600000, -0.9895767437181237], [1612137600000, -0.9895767437181237], [1612137600000, -0.9895767437181237], [1612137600000, -0.9895767437181237], [1612137600000, -0.9895767437181237], [1612137600000, -0.9895767437181237], [1614556800000, 0.6702076317989408], [1614556800000, 0.6702076317989408], [1614556800000, 0.6702076317989408], [1614556800000, 0.6702076317989408], [1614556800000, 0.6702076317989408], [1614556800000, 0.6702076317989408], [1614556800000, 0.6702076317989408], [1614556800000, 0.6702076317989408], [1617235200000, -0.39394384941040306], [1617235200000, -0.39394384941040306], [1617235200000, -0.39394384941040306], [1617235200000, -0.39394384941040306], [1617235200000, -0.39394384941040306], [1617235200000, -0.39394384941040306], [1617235200000, -0.39394384941040306], [1617235200000, -0.39394384941040306], [1619827200000, 0.15598081133705846], [1619827200000, 0.15598081133705846], [1619827200000, 0.15598081133705846], [1619827200000, 0.15598081133705846], [1619827200000, 0.15598081133705846], [1619827200000, 0.15598081133705846], [1619827200000, 0.15598081133705846], [1619827200000, 0.15598081133705846], [1622505600000, -0.5416706279123018], [1622505600000, -0.5416706279123018], [1622505600000, -0.5416706279123018], [1622505600000, -0.5416706279123018], [1622505600000, -0.5416706279123018], [1622505600000, -0.5416706279123018], [1622505600000, -0.5416706279123018], [1622505600000, -0.5416706279123018]]},