{"time_series": {"min_data": [[1233360000000.0, 0.0007232449133880436], [1235779200000.0, 0.0008938401006162167], [1238457600000.0, 0.0017028840957209468], [1241049600000.0, 0.002938848454505205], [1243728000000.0, 0.004102685023099184], [1246320000000.0, 0.0045618414878845215], [1248998400000.0, 0.004147093743085861], [1251676800000.0, 0.0035974010825157166], [1254268800000.0, 0.003308175364509225], [1256947200000.0, 0.002486066659912467], [1259539200000.0, 0.00144570239353925], [1262217600000.0, 0.0008874538470990956]], "max_data": [[1233360000000.0, 0.900717556476593], [1235779200000.0, 1.4375028610229492], [1238457600000.0, 2.041353225708008], [1241049600000.0, 2.5392262935638428], [1243728000000.0, 2.4724109172821045], [1246320000000.0, 2.6294925212860107], [1248998400000.0, 4.620800495147705], [1251676800000.0, 5.17495584487915], [1254268800000.0, 4.041280746459961], [1256947200000.0, 1.5116113424301147], [1259539200000.0, 0.8007686734199524], [1262217600000.0, 0.7191048860549927]], "median_data": [[1233360000000.0, 0.445036852179328], [1235779200000.0, 0.7104160209128167], [1238457600000.0, 1.0140137298149057], [1241049600000.0, 1.22719431493897], [1243728000000.0, 1.1926046265289187], [1246320000000.0, 1.2752214558422565], [1248998400000.0, 2.2210469965357333], [1251676800000.0, 2.5076172635890543], [1254268800000.0, 1.9488870727363974], [1256947200000.0, 0.75382577534765], [1259539200000.0, 0.3726535616442561], [1262217600000.0, 0.34593778420821764]], "mean_data": [[1233360000000.0, 0.44750040032279986], [1235779200000.0, 0.7148699526151177], [1238457600000.0, 1.0185754260940787], [1241049600000.0, 1.2543583655109007], [1243728000000.0, 1.222468732778604], [1246320000000.0, 1.2976892727116744], [1248998400000.0, 2.2704332288509854], [1251676800000.0, 2.5502452329189205], [1254268800000.0, 1.9934281919073935], [1256947200000.0, 0.755854015199778], [1259539200000.0, 0.3867362583017287], [1262217600000.0, 0.3525788838742301]]}, "success": "success", "interval": "mm"}