{"time_series": {"min_data": [[1604102400000.0, 291.23956298828125], [1606694400000.0, 283.987060546875], [1609372800000.0, 281.02569580078125], [1612051200000.0, 278.9576416015625], [1614470400000.0, 282.9454040527344], [1617148800000.0, 285.5500793457031], [1619740800000.0, 288.7062072753906]], "max_data": [[1604102400000.0, 295.3399658203125], [1606694400000.0, 288.162353515625], [1609372800000.0, 284.5625], [1612051200000.0, 283.1263732910156], [1614470400000.0, 287.30816650390625], [1617148800000.0, 290.3580627441406], [1619740800000.0, 291.72662353515625]], "median_data": [[1604102400000.0, 293.20948791503906], [1606694400000.0, 286.0531005859375], [1609372800000.0, 282.83998107910156], [1612051200000.0, 281.2405090332031], [1614470400000.0, 285.2672424316406], [1617148800000.0, 287.9720916748047], [1619740800000.0, 290.21766662597656]], "mean_data": [[1604102400000.0, 293.2978820800781], [1606694400000.0, 286.0862274169922], [1609372800000.0, 282.8203531901042], [1612051200000.0, 281.14930216471356], [1614470400000.0, 285.2280782063802], [1617148800000.0, 287.9759114583333], [1619740800000.0, 290.2151336669922]]}, "success": "success", "interval": "mm"}