{"time_series": {"min_data": [[1635638400000.0, 0.002486066659912467]], "max_data": [[1635638400000.0, 1.724645733833313]], "median_data": [[1635638400000.0, 0.7566971695050597]], "mean_data": [[1635638400000.0, 0.7924438959841306]]}, "success": "success", "interval": "mm"}