{"time_series": {"min_data": [[1604102400000.0, 230.47813415527344], [1606694400000.0, 224.32447814941406], [1609372800000.0, 233.91928100585938], [1612051200000.0, 253.6331024169922], [1614470400000.0, 272.7497253417969], [1617148800000.0, 263.3329162597656], [1619740800000.0, 249.09107971191406]], "max_data": [[1604102400000.0, 368.8285827636719], [1606694400000.0, 366.3072204589844], [1609372800000.0, 364.8668518066406], [1612051200000.0, 365.2010803222656], [1614470400000.0, 366.4119567871094], [1617148800000.0, 365.8680114746094], [1619740800000.0, 365.98956298828125]], "median_data": [[1604102400000.0, 254.49815368652344], [1606694400000.0, 250.22132873535156], [1609372800000.0, 253.85767364501953], [1612051200000.0, 263.65686798095703], [1614470400000.0, 274.3970642089844], [1617148800000.0, 269.3738098144531], [1619740800000.0, 262.7113800048828]], "mean_data": [[1604102400000.0, 269.4911575317383], [1606694400000.0, 265.13846588134766], [1609372800000.0, 268.9796371459961], [1612051200000.0, 278.89625295003253], [1614470400000.0, 289.3625742594401], [1617148800000.0, 284.32322184244794], [1619740800000.0, 277.60276794433594]]}, "success": "success", "interval": "mm"}