{"time_series": {"min_data": [[1635638400000.0, 303.9754943847656], [1638230400000.0, 297.4946594238281], [1640908800000.0, 294.4163513183594], [1643587200000.0, 288.5580139160156], [1646006400000.0, 290.0108642578125], [1648684800000.0, 291.8576965332031], [1651276800000.0, 305.1334533691406], [1653955200000.0, 311.3665771484375], [1656547200000.0, 309.7995300292969], [1659225600000.0, 308.8638000488281], [1661904000000.0, 303.47540283203125], [1664496000000.0, 306.0708312988281]], "max_data": [[1635638400000.0, 305.12408447265625], [1638230400000.0, 298.8360900878906], [1640908800000.0, 296.2806396484375], [1643587200000.0, 290.72064208984375], [1646006400000.0, 291.18865966796875], [1648684800000.0, 293.77801513671875], [1651276800000.0, 307.2209167480469], [1653955200000.0, 312.6237487792969], [1656547200000.0, 310.8930358886719], [1659225600000.0, 310.1112976074219], [1661904000000.0, 305.06915283203125], [1664496000000.0, 306.8492431640625]], "median_data": [[1635638400000.0, 304.6722106933594], [1638230400000.0, 298.4270477294922], [1640908800000.0, 295.79931640625], [1643587200000.0, 290.1927185058594], [1646006400000.0, 290.8804168701172], [1648684800000.0, 293.1667175292969], [1651276800000.0, 306.5145263671875], [1653955200000.0, 311.9024353027344], [1656547200000.0, 310.087646484375], [1659225600000.0, 309.5616149902344], [1661904000000.0, 304.5100402832031], [1664496000000.0, 306.7529754638672]], "mean_data": [[1635638400000.0, 304.63083902994794], [1638230400000.0, 298.30109151204425], [1640908800000.0, 295.5292205810547], [1643587200000.0, 289.81846110026044], [1646006400000.0, 290.7267150878906], [1648684800000.0, 292.97193908691406], [1651276800000.0, 306.3124491373698], [1653955200000.0, 311.9498647054036], [1656547200000.0, 310.136469523112], [1659225600000.0, 309.5200907389323], [1661904000000.0, 304.4089050292969], [1664496000000.0, 306.61487833658856]]}, "success": "success", "interval": "mm"}