{"time_series": {"min_data": [[1604102400000.0, 0.002486066659912467], [1606694400000.0, 0.00144570239353925], [1609372800000.0, 0.0008874538470990956], [1612051200000.0, 0.0007232449133880436], [1614470400000.0, 0.0008938401006162167], [1617148800000.0, 0.0017028840957209468], [1619740800000.0, 0.002938848454505205]], "max_data": [[1604102400000.0, 1.5116113424301147], [1606694400000.0, 0.8007686734199524], [1609372800000.0, 0.7191048860549927], [1612051200000.0, 0.900717556476593], [1614470400000.0, 1.4375028610229492], [1617148800000.0, 2.041353225708008], [1619740800000.0, 2.5392262935638428]], "median_data": [[1604102400000.0, 0.75382577534765], [1606694400000.0, 0.3726535616442561], [1609372800000.0, 0.34593778420821764], [1612051200000.0, 0.445036852179328], [1614470400000.0, 0.7104160209128167], [1617148800000.0, 1.0140137298149057], [1619740800000.0, 1.22719431493897]], "mean_data": [[1604102400000.0, 0.755854015199778], [1606694400000.0, 0.3867362583017287], [1609372800000.0, 0.3525788838742301], [1612051200000.0, 0.44750040032279986], [1614470400000.0, 0.7148699526151177], [1617148800000.0, 1.0185754260940787], [1619740800000.0, 1.2543583655109007]]}, "success": "success", "interval": "mm"}