{"singleline": [[1604188800000, -1.719491467331395, 11, 2020], [1606780800000, -0.6607099613457015, 12, 2020], [1609459200000, 0.2314508908893913, 1, 2021], [1612137600000, 0.2828191202698332, 2, 2021], [1614556800000, -0.4589812159538269, 3, 2021], [1617235200000, -0.13856961784856112, 4, 2021], [1619827200000, -1.1363181751785856, 5, 2021], [1622505600000, -0.5685779197339081, 6, 2021]], "multiline": {"min": [[1604188800000, -2.6210460951834014], [1604188800000, -2.6210460951834014], [1604188800000, -2.6210460951834014], [1604188800000, -2.6210460951834014], [1604188800000, -2.6210460951834014], [1604188800000, -2.6210460951834014], [1604188800000, -2.6210460951834014], [1604188800000, -2.6210460951834014], [1606780800000, -1.7353200045498935], [1606780800000, -1.7353200045498935], [1606780800000, -1.7353200045498935], [1606780800000, -1.7353200045498935], [1606780800000, -1.7353200045498935], [1606780800000, -1.7353200045498935], [1606780800000, -1.7353200045498935], [1606780800000, -1.7353200045498935], [1609459200000, -1.000189609599836], [1609459200000, -1.000189609599836], [1609459200000, -1.000189609599836], [1609459200000, -1.000189609599836], [1609459200000, -1.000189609599836], [1609459200000, -1.000189609599836], [1609459200000, -1.000189609599836], [1609459200000, -1.000189609599836], [1612137600000, -1.5617375879576711], [1612137600000, -1.5617375879576711], [1612137600000, -1.5617375879576711], [1612137600000, -1.5617375879576711], [1612137600000, -1.5617375879576711], [1612137600000, -1.5617375879576711], [1612137600000, -1.5617375879576711], [1612137600000, -1.5617375879576711], [1614556800000, -1.3854373982458403], [1614556800000, -1.3854373982458403], [1614556800000, -1.3854373982458403], [1614556800000, -1.3854373982458403], [1614556800000, -1.3854373982458403], [1614556800000, -1.3854373982458403], [1614556800000, -1.3854373982458403], [1614556800000, -1.3854373982458403], [1617235200000, -1.594902313116825], [1617235200000, -1.594902313116825], [1617235200000, -1.594902313116825], [1617235200000, -1.594902313116825], [1617235200000, -1.594902313116825], [1617235200000, -1.594902313116825], [1617235200000, -1.594902313116825], [1617235200000, -1.594902313116825], [1619827200000, -2.8588517001180938], [1619827200000, -2.8588517001180938], [1619827200000, -2.8588517001180938], [1619827200000, -2.8588517001180938], [1619827200000, -2.8588517001180938], [1619827200000, -2.8588517001180938], [1619827200000, -2.8588517001180938], [1619827200000, -2.8588517001180938], [1622505600000, -1.6904405734755776], [1622505600000, -1.6904405734755776], [1622505600000, -1.6904405734755776], [1622505600000, -1.6904405734755776], [1622505600000, -1.6904405734755776], [1622505600000, -1.6904405734755776], [1622505600000, -1.6904405734755776], [1622505600000, -1.6904405734755776]], "max": [[1604188800000, -0.6733102545593724], [1604188800000, -0.6733102545593724], [1604188800000, -0.6733102545593724], [1604188800000, -0.6733102545593724], [1604188800000, -0.6733102545593724], [1604188800000, -0.6733102545593724], [1604188800000, -0.6733102545593724], [1604188800000, -0.6733102545593724], [1606780800000, 0.7616118946761796], [1606780800000, 0.7616118946761796], [1606780800000, 0.7616118946761796], [1606780800000, 0.7616118946761796], [1606780800000, 0.7616118946761796], [1606780800000, 0.7616118946761796], [1606780800000, 0.7616118946761796], [1606780800000, 0.7616118946761796], [1609459200000, 1.6467643181482952], [1609459200000, 1.6467643181482952], [1609459200000, 1.6467643181482952], [1609459200000, 1.6467643181482952], [1609459200000, 1.6467643181482952], [1609459200000, 1.6467643181482952], [1609459200000, 1.6467643181482952], [1609459200000, 1.6467643181482952], [1612137600000, 1.4446002208825313], [1612137600000, 1.4446002208825313], [1612137600000, 1.4446002208825313], [1612137600000, 1.4446002208825313], [1612137600000, 1.4446002208825313], [1612137600000, 1.4446002208825313], [1612137600000, 1.4446002208825313], [1612137600000, 1.4446002208825313], [1614556800000, 1.1729499751871282], [1614556800000, 1.1729499751871282], [1614556800000, 1.1729499751871282], [1614556800000, 1.1729499751871282], [1614556800000, 1.1729499751871282], [1614556800000, 1.1729499751871282], [1614556800000, 1.1729499751871282], [1614556800000, 1.1729499751871282], [1617235200000, 0.9642929543148387], [1617235200000, 0.9642929543148387], [1617235200000, 0.9642929543148387], [1617235200000, 0.9642929543148387], [1617235200000, 0.9642929543148387], [1617235200000, 0.9642929543148387], [1617235200000, 0.9642929543148387], [1617235200000, 0.9642929543148387], [1619827200000, 0.8490965020927516], [1619827200000, 0.8490965020927516], [1619827200000, 0.8490965020927516], [1619827200000, 0.8490965020927516], [1619827200000, 0.8490965020927516], [1619827200000, 0.8490965020927516], [1619827200000, 0.8490965020927516], [1619827200000, 0.8490965020927516], [1622505600000, 0.23386872012281057], [1622505600000, 0.23386872012281057], [1622505600000, 0.23386872012281057], [1622505600000, 0.23386872012281057], [1622505600000, 0.23386872012281057], [1622505600000, 0.23386872012281057], [1622505600000, 0.23386872012281057], [1622505600000, 0.23386872012281057]], "mean": [[1604188800000, -1.719491470040697], [1604188800000, -1.719491470040697], [1604188800000, -1.719491470040697], [1604188800000, -1.719491470040697], [1604188800000, -1.719491470040697], [1604188800000, -1.719491470040697], [1604188800000, -1.719491470040697], [1604188800000, -1.719491470040697], [1606780800000, -0.6607099604849337], [1606780800000, -0.6607099604849337], [1606780800000, -0.6607099604849337], [1606780800000, -0.6607099604849337], [1606780800000, -0.6607099604849337], [1606780800000, -0.6607099604849337], [1606780800000, -0.6607099604849337], [1606780800000, -0.6607099604849337], [1609459200000, 0.231450893791837], [1609459200000, 0.231450893791837], [1609459200000, 0.231450893791837], [1609459200000, 0.231450893791837], [1609459200000, 0.231450893791837], [1609459200000, 0.231450893791837], [1609459200000, 0.231450893791837], [1609459200000, 0.231450893791837], [1612137600000, 0.2828191200903596], [1612137600000, 0.2828191200903596], [1612137600000, 0.2828191200903596], [1612137600000, 0.2828191200903596], [1612137600000, 0.2828191200903596], [1612137600000, 0.2828191200903596], [1612137600000, 0.2828191200903596], [1612137600000, 0.2828191200903596], [1614556800000, -0.4589812156821911], [1614556800000, -0.4589812156821911], [1614556800000, -0.4589812156821911], [1614556800000, -0.4589812156821911], [1614556800000, -0.4589812156821911], [1614556800000, -0.4589812156821911], [1614556800000, -0.4589812156821911], [1614556800000, -0.4589812156821911], [1617235200000, -0.13856961928523198], [1617235200000, -0.13856961928523198], [1617235200000, -0.13856961928523198], [1617235200000, -0.13856961928523198], [1617235200000, -0.13856961928523198], [1617235200000, -0.13856961928523198], [1617235200000, -0.13856961928523198], [1617235200000, -0.13856961928523198], [1619827200000, -1.136318178424104], [1619827200000, -1.136318178424104], [1619827200000, -1.136318178424104], [1619827200000, -1.136318178424104], [1619827200000, -1.136318178424104], [1619827200000, -1.136318178424104], [1619827200000, -1.136318178424104], [1619827200000, -1.136318178424104], [1622505600000, -0.5685779209386304], [1622505600000, -0.5685779209386304], [1622505600000, -0.5685779209386304], [1622505600000, -0.5685779209386304], [1622505600000, -0.5685779209386304], [1622505600000, -0.5685779209386304], [1622505600000, -0.5685779209386304], [1622505600000, -0.5685779209386304]]},