{"time_series": {"min_data": [[1635638400000.0, 242.49221801757812]], "max_data": [[1635638400000.0, 370.71466064453125]], "median_data": [[1635638400000.0, 271.11976623535156]], "mean_data": [[1635638400000.0, 281.09200795491535]]}, "success": "success", "interval": "mm"}