{"time_series": {"min_data": [[1585612800000.0, 0.0017028840957209468], [1588204800000.0, 0.002938848454505205], [1590883200000.0, 0.004102685023099184], [1593475200000.0, 0.0045618414878845215]], "max_data": [[1585612800000.0, 2.041353225708008], [1588204800000.0, 2.5392262935638428], [1590883200000.0, 2.4724109172821045], [1593475200000.0, 2.6294925212860107]], "median_data": [[1585612800000.0, 1.0140137298149057], [1588204800000.0, 1.22719431493897], [1590883200000.0, 1.1926046265289187], [1593475200000.0, 1.2752214558422565]], "mean_data": [[1585612800000.0, 1.0185754260940787], [1588204800000.0, 1.2543583655109007], [1590883200000.0, 1.222468732778604], [1593475200000.0, 1.2976892727116744]]}, "success": "success", "interval": "mm"}