{"time_series": {"min_data": [[1617148800000.0, 3.9210524559020996]], "max_data": [[1617148800000.0, 4.113179683685303]], "median_data": [[1617148800000.0, 4.010802149772644]], "mean_data": [[1617148800000.0, 4.018235921859741]]}, "success": "success", "interval": "mm"}