{"time_series": {"min_data": [[1604102400000.0, 0.0027998886071145535]], "max_data": [[1604102400000.0, 0.5222234725952148]], "median_data": [[1604102400000.0, 0.2367675657151267]], "mean_data": [[1604102400000.0, 0.24945186198844263]]}, "success": "success", "interval": "mm"}