{"time_series": {"min_data": [[1612051200000.0, 187.23483276367188], [1614470400000.0, 186.40774536132812], [1617148800000.0, 185.55804443359375]], "max_data": [[1612051200000.0, 361.3939208984375], [1614470400000.0, 360.3453063964844], [1617148800000.0, 359.568603515625]], "median_data": [[1612051200000.0, 229.0959014892578], [1614470400000.0, 227.84561157226562], [1617148800000.0, 226.7705307006836]], "mean_data": [[1612051200000.0, 243.90477498372397], [1614470400000.0, 242.78575897216797], [1617148800000.0, 241.8274663289388]]}, "success": "success", "interval": "mm"}