{"time_series": {"min_data": [[1617148800000.0, 299.10760498046875]], "max_data": [[1617148800000.0, 300.21820068359375]], "median_data": [[1617148800000.0, 299.6032257080078]], "mean_data": [[1617148800000.0, 299.62855021158856]]}, "success": "success", "interval": "mm"}