{"time_series": {"min_data": [[1233360000000.0, 2.6463351249694824], [1235779200000.0, 2.5785112380981445], [1238457600000.0, 2.1921846866607666], [1241049600000.0, 2.7250783443450928], [1243728000000.0, 1.0028458833694458], [1246320000000.0, 1.1453889608383179], [1248998400000.0, 3.09039568901062], [1251676800000.0, 4.840043544769287], [1254268800000.0, 1.643979549407959], [1256947200000.0, 0.4568163752555847], [1259539200000.0, 0.21973077952861786], [1262217600000.0, 0.48020946979522705]], "max_data": [[1233360000000.0, 2.9269440174102783], [1235779200000.0, 2.8388795852661133], [1238457600000.0, 2.467526435852051], [1241049600000.0, 3.3156301975250244], [1243728000000.0, 1.156732439994812], [1246320000000.0, 1.4399491548538208], [1248998400000.0, 3.961961507797241], [1251676800000.0, 6.920681953430176], [1254268800000.0, 1.899173617362976], [1256947200000.0, 0.7328820824623108], [1259539200000.0, 0.30648666620254517], [1262217600000.0, 0.6444631814956665]], "median_data": [[1233360000000.0, 2.7512571811676025], [1235779200000.0, 2.691153645515442], [1238457600000.0, 2.3260470628738403], [1241049600000.0, 2.9633333683013916], [1243728000000.0, 1.059372365474701], [1246320000000.0, 1.2544599771499634], [1248998400000.0, 3.605728030204773], [1251676800000.0, 5.928287506103516], [1254268800000.0, 1.6971420645713806], [1256947200000.0, 0.600900799036026], [1259539200000.0, 0.2695375829935074], [1262217600000.0, 0.5726257264614105]], "mean_data": [[1233360000000.0, 2.779052178064982], [1235779200000.0, 2.689841628074646], [1238457600000.0, 2.3354899088541665], [1241049600000.0, 3.003390669822693], [1243728000000.0, 1.0686904788017273], [1246320000000.0, 1.274925410747528], [1248998400000.0, 3.560593088467916], [1251676800000.0, 5.884406805038452], [1254268800000.0, 1.7426703969637554], [1256947200000.0, 0.6002287169297537], [1259539200000.0, 0.2680959279338519], [1262217600000.0, 0.5668966919183731]]}, "success": "success", "interval": "mm"}