{"time_series": {"min_data": [[1617148800000.0, 2.0962860584259033], [1619740800000.0, 2.230985641479492], [1622419200000.0, 1.2739124298095703], [1625011200000.0, 2.159682035446167]], "max_data": [[1617148800000.0, 2.24650502204895], [1619740800000.0, 2.5772416591644287], [1622419200000.0, 1.7465670108795166], [1625011200000.0, 2.6805191040039062]], "median_data": [[1617148800000.0, 2.1409910917282104], [1619740800000.0, 2.3763480186462402], [1622419200000.0, 1.5452381372451782], [1625011200000.0, 2.346045136451721]], "mean_data": [[1617148800000.0, 2.157418727874756], [1619740800000.0, 2.3895504474639893], [1622419200000.0, 1.5336223443349202], [1625011200000.0, 2.390719930330912]]}, "success": "success", "interval": "mm"}