{"time_series": {"min_data": [[1604102400000.0, 193.8636932373047]], "max_data": [[1604102400000.0, 367.17230224609375]], "median_data": [[1604102400000.0, 237.24546813964844]], "mean_data": [[1604102400000.0, 251.11966705322266]]}, "success": "success", "interval": "mm"}