{"time_series": {"min_data": [[1604102400000.0, 0.7308984994888306]], "max_data": [[1604102400000.0, 1.2933825254440308]], "median_data": [[1604102400000.0, 1.0223501026630402]], "mean_data": [[1604102400000.0, 1.0176588694254558]]}, "success": "success", "interval": "mm"}