{"time_series": {"min_data": [[1635638400000.0, 0.7854496836662292], [1638230400000.0, 0.5111289024353027], [1640908800000.0, 0.7508155703544617], [1643587200000.0, 1.9727894067764282], [1646006400000.0, 2.864351272583008], [1648684800000.0, 1.9727416038513184], [1651276800000.0, 1.9587736129760742], [1653955200000.0, 1.3461556434631348], [1656547200000.0, 2.159682035446167], [1659225600000.0, 7.323113918304443], [1661904000000.0, 7.223313808441162], [1664496000000.0, 3.8349578380584717]], "max_data": [[1635638400000.0, 1.2933825254440308], [1638230400000.0, 0.6942963600158691], [1640908800000.0, 0.8767587542533875], [1643587200000.0, 2.234133005142212], [1646006400000.0, 3.226118803024292], [1648684800000.0, 2.24650502204895], [1651276800000.0, 2.5772416591644287], [1653955200000.0, 1.7465670108795166], [1656547200000.0, 2.6805191040039062], [1659225600000.0, 9.05471420288086], [1661904000000.0, 9.40223217010498], [1664496000000.0, 4.228299617767334]], "median_data": [[1635638400000.0, 1.1416345238685608], [1638230400000.0, 0.6379900276660919], [1640908800000.0, 0.7950221598148346], [1643587200000.0, 2.081531524658203], [1646006400000.0, 3.1037492752075195], [1648684800000.0, 2.1409910917282104], [1651276800000.0, 2.361658215522766], [1653955200000.0, 1.5784981846809387], [1656547200000.0, 2.4588836431503296], [1659225600000.0, 8.799774169921875], [1661904000000.0, 9.1044020652771], [1664496000000.0, 4.068000078201294]], "mean_data": [[1635638400000.0, 1.0759241779645283], [1638230400000.0, 0.6190712948640188], [1640908800000.0, 0.8054446975390116], [1643587200000.0, 2.1025261282920837], [1646006400000.0, 3.0848132769266763], [1648684800000.0, 2.134154717127482], [1651276800000.0, 2.3217477401097617], [1653955200000.0, 1.5685516794522603], [1656547200000.0, 2.4288976987202964], [1659225600000.0, 8.44123919804891], [1661904000000.0, 8.631199916203817], [1664496000000.0, 4.075308601061503]]}, "success": "success", "interval": "mm"}