{"time_series": {"min_data": [[1604102400000.0, 193.8636932373047], [1606694400000.0, 187.44044494628906], [1609372800000.0, 187.59048461914062], [1612051200000.0, 187.23483276367188], [1614470400000.0, 186.40774536132812], [1617148800000.0, 185.55804443359375]], "max_data": [[1604102400000.0, 367.17230224609375], [1606694400000.0, 364.4604797363281], [1609372800000.0, 362.7401123046875], [1612051200000.0, 361.3939208984375], [1614470400000.0, 360.3453063964844], [1617148800000.0, 359.568603515625]], "median_data": [[1604102400000.0, 237.24546813964844], [1606694400000.0, 231.58096313476562], [1609372800000.0, 230.26497650146484], [1612051200000.0, 229.0959014892578], [1614470400000.0, 227.84561157226562], [1617148800000.0, 226.7705307006836]], "mean_data": [[1604102400000.0, 251.11966705322266], [1606694400000.0, 246.0143585205078], [1609372800000.0, 244.9467569986979], [1612051200000.0, 243.90477498372397], [1614470400000.0, 242.78575897216797], [1617148800000.0, 241.8274663289388]]}, "success": "success", "interval": "mm"}