{"time_series": {"min_data": [[1604102400000.0, 0.10908530652523041], [1606694400000.0, 1.0836073160171509], [1609372800000.0, 2.5002777576446533], [1612051200000.0, 0.6315456628799438], [1614470400000.0, 0.6496514081954956], [1617148800000.0, 3.9210524559020996], [1619740800000.0, 2.494234561920166]], "max_data": [[1604102400000.0, 0.28019630908966064], [1606694400000.0, 1.4943441152572632], [1609372800000.0, 2.8874478340148926], [1612051200000.0, 0.9722805619239807], [1614470400000.0, 0.82756108045578], [1617148800000.0, 4.113179683685303], [1619740800000.0, 2.7171926498413086]], "median_data": [[1604102400000.0, 0.22783857583999634], [1606694400000.0, 1.3396599292755127], [1609372800000.0, 2.6400188207626343], [1612051200000.0, 0.8568693995475769], [1614470400000.0, 0.7435691952705383], [1617148800000.0, 4.010802149772644], [1619740800000.0, 2.6172635555267334]], "mean_data": [[1604102400000.0, 0.21332325786352158], [1606694400000.0, 1.3136560916900635], [1609372800000.0, 2.6607731183369956], [1612051200000.0, 0.8265417516231537], [1614470400000.0, 0.7426290710767111], [1617148800000.0, 4.018235921859741], [1619740800000.0, 2.605257749557495]]}, "success": "success", "interval": "mm"}