{"time_series": {"min_data": [[1585612800000.0, 263.3329162597656], [1588204800000.0, 249.09107971191406], [1590883200000.0, 221.1806640625], [1593475200000.0, 200.4297637939453]], "max_data": [[1585612800000.0, 365.8680114746094], [1588204800000.0, 365.98956298828125], [1590883200000.0, 365.20574951171875], [1593475200000.0, 364.9258117675781]], "median_data": [[1585612800000.0, 269.3738098144531], [1588204800000.0, 262.7113800048828], [1590883200000.0, 247.34271240234375], [1593475200000.0, 236.78678131103516]], "mean_data": [[1585612800000.0, 284.32322184244794], [1588204800000.0, 277.60276794433594], [1590883200000.0, 262.6739857991536], [1593475200000.0, 251.99563344319662]]}, "success": "success", "interval": "mm"}