{"time_series": {"min_data": [[1585612800000.0, 0.0], [1588204800000.0, 0.2544850707054138], [1590883200000.0, 0.0], [1593475200000.0, 0.0]], "max_data": [[1585612800000.0, 0.0], [1588204800000.0, 0.4887330234050751], [1590883200000.0, 0.0], [1593475200000.0, 0.0]], "median_data": [[1585612800000.0, 0.0], [1588204800000.0, 0.3696659952402115], [1590883200000.0, 0.0], [1593475200000.0, 0.0]], "mean_data": [[1585612800000.0, 0.0], [1588204800000.0, 0.37274376054604846], [1590883200000.0, 0.0], [1593475200000.0, 0.0]]}, "success": "success", "interval": "mm"}