{"time_series": {"min_data": [[1635638400000.0, 1.3350485563278198]], "max_data": [[1635638400000.0, 1.6139006614685059]], "median_data": [[1635638400000.0, 1.4800982475280762]], "mean_data": [[1635638400000.0, 1.4899654785792034]]}, "success": "success", "interval": "mm"}