{"time_series": {"min_data": [[1233360000000.0, 253.6331024169922], [1235779200000.0, 272.7497253417969], [1238457600000.0, 263.3329162597656], [1241049600000.0, 249.09107971191406], [1243728000000.0, 221.1806640625], [1246320000000.0, 200.4297637939453], [1248998400000.0, 239.8922119140625], [1251676800000.0, 272.3673095703125], [1254268800000.0, 263.02392578125], [1256947200000.0, 230.47813415527344], [1259539200000.0, 224.32447814941406], [1262217600000.0, 233.91928100585938]], "max_data": [[1233360000000.0, 365.2010803222656], [1235779200000.0, 366.4119567871094], [1238457600000.0, 365.8680114746094], [1241049600000.0, 365.98956298828125], [1243728000000.0, 365.20574951171875], [1246320000000.0, 364.9258117675781], [1248998400000.0, 370.404296875], [1251676800000.0, 374.801513671875], [1254268800000.0, 372.997802734375], [1256947200000.0, 368.8285827636719], [1259539200000.0, 366.3072204589844], [1262217600000.0, 364.8668518066406]], "median_data": [[1233360000000.0, 263.65686798095703], [1235779200000.0, 274.3970642089844], [1238457600000.0, 269.3738098144531], [1241049600000.0, 262.7113800048828], [1243728000000.0, 247.34271240234375], [1246320000000.0, 236.78678131103516], [1248998400000.0, 261.6895523071289], [1251676800000.0, 282.5380096435547], [1254268800000.0, 273.6129150390625], [1256947200000.0, 254.49815368652344], [1259539200000.0, 250.22132873535156], [1262217600000.0, 253.85767364501953]], "mean_data": [[1233360000000.0, 278.89625295003253], [1235779200000.0, 289.3625742594401], [1238457600000.0, 284.32322184244794], [1241049600000.0, 277.60276794433594], [1243728000000.0, 262.6739857991536], [1246320000000.0, 251.99563344319662], [1248998400000.0, 275.6867090861003], [1251676800000.0, 295.50623575846356], [1254268800000.0, 288.3458506266276], [1256947200000.0, 269.4911575317383], [1259539200000.0, 265.13846588134766], [1262217600000.0, 268.9796371459961]]}, "success": "success", "interval": "mm"}