{"time_series": {"min_data": [[1612051200000.0, 253.6331024169922], [1614470400000.0, 272.7497253417969], [1617148800000.0, 263.3329162597656]], "max_data": [[1612051200000.0, 365.2010803222656], [1614470400000.0, 366.4119567871094], [1617148800000.0, 365.8680114746094]], "median_data": [[1612051200000.0, 263.65686798095703], [1614470400000.0, 274.3970642089844], [1617148800000.0, 269.3738098144531]], "mean_data": [[1612051200000.0, 278.89625295003253], [1614470400000.0, 289.3625742594401], [1617148800000.0, 284.32322184244794]]}, "success": "success", "interval": "mm"}