{"time_series": {"min_data": [[1612051200000.0, 278.9576416015625], [1614470400000.0, 282.9454040527344], [1617148800000.0, 285.5500793457031]], "max_data": [[1612051200000.0, 283.1263732910156], [1614470400000.0, 287.30816650390625], [1617148800000.0, 290.3580627441406]], "median_data": [[1612051200000.0, 281.2405090332031], [1614470400000.0, 285.2672424316406], [1617148800000.0, 287.9720916748047]], "mean_data": [[1612051200000.0, 281.14930216471356], [1614470400000.0, 285.2280782063802], [1617148800000.0, 287.9759114583333]]}, "success": "success", "interval": "mm"}