{"singleline": [[1604188800000, -1.3105687553232366, 11, 2020], [1606780800000, -0.6279042986306277, 12, 2020], [1609459200000, -0.24460978941483932, 1, 2021], [1612137600000, -0.6761597313664176, 2, 2021], [1614556800000, -0.07728254164315083, 3, 2021], [1617235200000, -0.13122534701092678, 4, 2021], [1619827200000, -0.13042050176723438, 5, 2021], [1622505600000, -0.317056130885965, 6, 2021]], "multiline": {"min": [[1604188800000, -1.8059476361130222], [1604188800000, -1.8059476361130222], [1604188800000, -1.8059476361130222], [1604188800000, -1.8059476361130222], [1604188800000, -1.8059476361130222], [1604188800000, -1.8059476361130222], [1604188800000, -1.8059476361130222], [1604188800000, -1.8059476361130222], [1606780800000, -1.723992215638811], [1606780800000, -1.723992215638811], [1606780800000, -1.723992215638811], [1606780800000, -1.723992215638811], [1606780800000, -1.723992215638811], [1606780800000, -1.723992215638811], [1606780800000, -1.723992215638811], [1606780800000, -1.723992215638811], [1609459200000, -1.535394964796124], [1609459200000, -1.535394964796124], [1609459200000, -1.535394964796124], [1609459200000, -1.535394964796124], [1609459200000, -1.535394964796124], [1609459200000, -1.535394964796124], [1609459200000, -1.535394964796124], [1609459200000, -1.535394964796124], [1612137600000, -1.634291479533369], [1612137600000, -1.634291479533369], [1612137600000, -1.634291479533369], [1612137600000, -1.634291479533369], [1612137600000, -1.634291479533369], [1612137600000, -1.634291479533369], [1612137600000, -1.634291479533369], [1612137600000, -1.634291479533369], [1614556800000, -0.8307851697459365], [1614556800000, -0.8307851697459365], [1614556800000, -0.8307851697459365], [1614556800000, -0.8307851697459365], [1614556800000, -0.8307851697459365], [1614556800000, -0.8307851697459365], [1614556800000, -0.8307851697459365], [1614556800000, -0.8307851697459365], [1617235200000, -0.9918226762251421], [1617235200000, -0.9918226762251421], [1617235200000, -0.9918226762251421], [1617235200000, -0.9918226762251421], [1617235200000, -0.9918226762251421], [1617235200000, -0.9918226762251421], [1617235200000, -0.9918226762251421], [1617235200000, -0.9918226762251421], [1619827200000, -0.9489110310872396], [1619827200000, -0.9489110310872396], [1619827200000, -0.9489110310872396], [1619827200000, -0.9489110310872396], [1619827200000, -0.9489110310872396], [1619827200000, -0.9489110310872396], [1619827200000, -0.9489110310872396], [1619827200000, -0.9489110310872396], [1622505600000, -0.6165785112164237], [1622505600000, -0.6165785112164237], [1622505600000, -0.6165785112164237], [1622505600000, -0.6165785112164237], [1622505600000, -0.6165785112164237], [1622505600000, -0.6165785112164237], [1622505600000, -0.6165785112164237], [1622505600000, -0.6165785112164237]], "max": [[1604188800000, -0.2657552704737155], [1604188800000, -0.2657552704737155], [1604188800000, -0.2657552704737155], [1604188800000, -0.2657552704737155], [1604188800000, -0.2657552704737155], [1604188800000, -0.2657552704737155], [1604188800000, -0.2657552704737155], [1604188800000, -0.2657552704737155], [1606780800000, -0.04307567311281508], [1606780800000, -0.04307567311281508], [1606780800000, -0.04307567311281508], [1606780800000, -0.04307567311281508], [1606780800000, -0.04307567311281508], [1606780800000, -0.04307567311281508], [1606780800000, -0.04307567311281508], [1606780800000, -0.04307567311281508], [1609459200000, 0.6357270115704248], [1609459200000, 0.6357270115704248], [1609459200000, 0.6357270115704248], [1609459200000, 0.6357270115704248], [1609459200000, 0.6357270115704248], [1609459200000, 0.6357270115704248], [1609459200000, 0.6357270115704248], [1609459200000, 0.6357270115704248], [1612137600000, 0.26830587761871744], [1612137600000, 0.26830587761871744], [1612137600000, 0.26830587761871744], [1612137600000, 0.26830587761871744], [1612137600000, 0.26830587761871744], [1612137600000, 0.26830587761871744], [1612137600000, 0.26830587761871744], [1612137600000, 0.26830587761871744], [1614556800000, 0.5085082577936577], [1614556800000, 0.5085082577936577], [1614556800000, 0.5085082577936577], [1614556800000, 0.5085082577936577], [1614556800000, 0.5085082577936577], [1614556800000, 0.5085082577936577], [1614556800000, 0.5085082577936577], [1614556800000, 0.5085082577936577], [1617235200000, 0.5560308062669003], [1617235200000, 0.5560308062669003], [1617235200000, 0.5560308062669003], [1617235200000, 0.5560308062669003], [1617235200000, 0.5560308062669003], [1617235200000, 0.5560308062669003], [1617235200000, 0.5560308062669003], [1617235200000, 0.5560308062669003], [1619827200000, 0.617014260003061], [1619827200000, 0.617014260003061], [1619827200000, 0.617014260003061], [1619827200000, 0.617014260003061], [1619827200000, 0.617014260003061], [1619827200000, 0.617014260003061], [1619827200000, 0.617014260003061], [1619827200000, 0.617014260003061], [1622505600000, 0.32928298949969537], [1622505600000, 0.32928298949969537], [1622505600000, 0.32928298949969537], [1622505600000, 0.32928298949969537], [1622505600000, 0.32928298949969537], [1622505600000, 0.32928298949969537], [1622505600000, 0.32928298949969537], [1622505600000, 0.32928298949969537]], "mean": [[1604188800000, -1.3105687542234645], [1604188800000, -1.3105687542234645], [1604188800000, -1.3105687542234645], [1604188800000, -1.3105687542234645], [1604188800000, -1.3105687542234645], [1604188800000, -1.3105687542234645], [1604188800000, -1.3105687542234645], [1604188800000, -1.3105687542234645], [1606780800000, -0.6279042952521581], [1606780800000, -0.6279042952521581], [1606780800000, -0.6279042952521581], [1606780800000, -0.6279042952521581], [1606780800000, -0.6279042952521581], [1606780800000, -0.6279042952521581], [1606780800000, -0.6279042952521581], [1606780800000, -0.6279042952521581], [1609459200000, -0.24460978822422802], [1609459200000, -0.24460978822422802], [1609459200000, -0.24460978822422802], [1609459200000, -0.24460978822422802], [1609459200000, -0.24460978822422802], [1609459200000, -0.24460978822422802], [1609459200000, -0.24460978822422802], [1609459200000, -0.24460978822422802], [1612137600000, -0.67615973688909], [1612137600000, -0.67615973688909], [1612137600000, -0.67615973688909], [1612137600000, -0.67615973688909], [1612137600000, -0.67615973688909], [1612137600000, -0.67615973688909], [1612137600000, -0.67615973688909], [1612137600000, -0.67615973688909], [1614556800000, -0.0772825401491542], [1614556800000, -0.0772825401491542], [1614556800000, -0.0772825401491542], [1614556800000, -0.0772825401491542], [1614556800000, -0.0772825401491542], [1614556800000, -0.0772825401491542], [1614556800000, -0.0772825401491542], [1614556800000, -0.0772825401491542], [1617235200000, -0.13122534672694397], [1617235200000, -0.13122534672694397], [1617235200000, -0.13122534672694397], [1617235200000, -0.13122534672694397], [1617235200000, -0.13122534672694397], [1617235200000, -0.13122534672694397], [1617235200000, -0.13122534672694397], [1617235200000, -0.13122534672694397], [1619827200000, -0.13042050082180087], [1619827200000, -0.13042050082180087], [1619827200000, -0.13042050082180087], [1619827200000, -0.13042050082180087], [1619827200000, -0.13042050082180087], [1619827200000, -0.13042050082180087], [1619827200000, -0.13042050082180087], [1619827200000, -0.13042050082180087], [1622505600000, -0.3170561309208014], [1622505600000, -0.3170561309208014], [1622505600000, -0.3170561309208014], [1622505600000, -0.3170561309208014], [1622505600000, -0.3170561309208014], [1622505600000, -0.3170561309208014], [1622505600000, -0.3170561309208014], [1622505600000, -0.3170561309208014]]},