{"singleline": [[1604188800000, -0.33459409992351674, 11, 2020], [1606780800000, -0.4262934854028351, 12, 2020], [1609459200000, -0.23227890534326434, 1, 2021], [1612137600000, -0.798938021515355, 2, 2021], [1614556800000, -0.4281627587748296, 3, 2021], [1617235200000, -0.41453579835819476, 4, 2021], [1619827200000, -0.33467010117954377, 5, 2021], [1622505600000, -0.95075016671961, 6, 2021]], "multiline": {"min": [[1604188800000, -0.5862167095765471], [1604188800000, -0.5862167095765471], [1604188800000, -0.5862167095765471], [1604188800000, -0.5862167095765471], [1604188800000, -0.5862167095765471], [1604188800000, -0.5862167095765471], [1604188800000, -0.5862167095765471], [1604188800000, -0.5862167095765471], [1606780800000, -0.8502318353363962], [1606780800000, -0.8502318353363962], [1606780800000, -0.8502318353363962], [1606780800000, -0.8502318353363962], [1606780800000, -0.8502318353363962], [1606780800000, -0.8502318353363962], [1606780800000, -0.8502318353363962], [1606780800000, -0.8502318353363962], [1609459200000, -1.1202227373917897], [1609459200000, -1.1202227373917897], [1609459200000, -1.1202227373917897], [1609459200000, -1.1202227373917897], [1609459200000, -1.1202227373917897], [1609459200000, -1.1202227373917897], [1609459200000, -1.1202227373917897], [1609459200000, -1.1202227373917897], [1612137600000, -1.6205508239341504], [1612137600000, -1.6205508239341504], [1612137600000, -1.6205508239341504], [1612137600000, -1.6205508239341504], [1612137600000, -1.6205508239341504], [1612137600000, -1.6205508239341504], [1612137600000, -1.6205508239341504], [1612137600000, -1.6205508239341504], [1614556800000, -1.429907208139246], [1614556800000, -1.429907208139246], [1614556800000, -1.429907208139246], [1614556800000, -1.429907208139246], [1614556800000, -1.429907208139246], [1614556800000, -1.429907208139246], [1614556800000, -1.429907208139246], [1614556800000, -1.429907208139246], [1617235200000, -1.5910558267073198], [1617235200000, -1.5910558267073198], [1617235200000, -1.5910558267073198], [1617235200000, -1.5910558267073198], [1617235200000, -1.5910558267073198], [1617235200000, -1.5910558267073198], [1617235200000, -1.5910558267073198], [1617235200000, -1.5910558267073198], [1619827200000, -1.4779586791992188], [1619827200000, -1.4779586791992188], [1619827200000, -1.4779586791992188], [1619827200000, -1.4779586791992188], [1619827200000, -1.4779586791992188], [1619827200000, -1.4779586791992188], [1619827200000, -1.4779586791992188], [1619827200000, -1.4779586791992188], [1622505600000, -1.6790749051354148], [1622505600000, -1.6790749051354148], [1622505600000, -1.6790749051354148], [1622505600000, -1.6790749051354148], [1622505600000, -1.6790749051354148], [1622505600000, -1.6790749051354148], [1622505600000, -1.6790749051354148], [1622505600000, -1.6790749051354148]], "max": [[1604188800000, 0.5089185025655862], [1604188800000, 0.5089185025655862], [1604188800000, 0.5089185025655862], [1604188800000, 0.5089185025655862], [1604188800000, 0.5089185025655862], [1604188800000, 0.5089185025655862], [1604188800000, 0.5089185025655862], [1604188800000, 0.5089185025655862], [1606780800000, 0.1621665513481606], [1606780800000, 0.1621665513481606], [1606780800000, 0.1621665513481606], [1606780800000, 0.1621665513481606], [1606780800000, 0.1621665513481606], [1606780800000, 0.1621665513481606], [1606780800000, 0.1621665513481606], [1606780800000, 0.1621665513481606], [1609459200000, 1.247959183924126], [1609459200000, 1.247959183924126], [1609459200000, 1.247959183924126], [1609459200000, 1.247959183924126], [1609459200000, 1.247959183924126], [1609459200000, 1.247959183924126], [1609459200000, 1.247959183924126], [1609459200000, 1.247959183924126], [1612137600000, 0.3015054982353115], [1612137600000, 0.3015054982353115], [1612137600000, 0.3015054982353115], [1612137600000, 0.3015054982353115], [1612137600000, 0.3015054982353115], [1612137600000, 0.3015054982353115], [1612137600000, 0.3015054982353115], [1612137600000, 0.3015054982353115], [1614556800000, 0.86208509405454], [1614556800000, 0.86208509405454], [1614556800000, 0.86208509405454], [1614556800000, 0.86208509405454], [1614556800000, 0.86208509405454], [1614556800000, 0.86208509405454], [1614556800000, 0.86208509405454], [1614556800000, 0.86208509405454], [1617235200000, 1.0157203448541237], [1617235200000, 1.0157203448541237], [1617235200000, 1.0157203448541237], [1617235200000, 1.0157203448541237], [1617235200000, 1.0157203448541237], [1617235200000, 1.0157203448541237], [1617235200000, 1.0157203448541237], [1617235200000, 1.0157203448541237], [1619827200000, 1.4755167283795096], [1619827200000, 1.4755167283795096], [1619827200000, 1.4755167283795096], [1619827200000, 1.4755167283795096], [1619827200000, 1.4755167283795096], [1619827200000, 1.4755167283795096], [1619827200000, 1.4755167283795096], [1619827200000, 1.4755167283795096], [1622505600000, -0.025576047444095213], [1622505600000, -0.025576047444095213], [1622505600000, -0.025576047444095213], [1622505600000, -0.025576047444095213], [1622505600000, -0.025576047444095213], [1622505600000, -0.025576047444095213], [1622505600000, -0.025576047444095213], [1622505600000, -0.025576047444095213]], "mean": [[1604188800000, -0.33459410103232856], [1604188800000, -0.33459410103232856], [1604188800000, -0.33459410103232856], [1604188800000, -0.33459410103232856], [1604188800000, -0.33459410103232856], [1604188800000, -0.33459410103232856], [1604188800000, -0.33459410103232856], [1604188800000, -0.33459410103232856], [1606780800000, -0.4262934847687244], [1606780800000, -0.4262934847687244], [1606780800000, -0.4262934847687244], [1606780800000, -0.4262934847687244], [1606780800000, -0.4262934847687244], [1606780800000, -0.4262934847687244], [1606780800000, -0.4262934847687244], [1606780800000, -0.4262934847687244], [1609459200000, -0.23227890626576758], [1609459200000, -0.23227890626576758], [1609459200000, -0.23227890626576758], [1609459200000, -0.23227890626576758], [1609459200000, -0.23227890626576758], [1609459200000, -0.23227890626576758], [1609459200000, -0.23227890626576758], [1609459200000, -0.23227890626576758], [1612137600000, -0.7989380206538155], [1612137600000, -0.7989380206538155], [1612137600000, -0.7989380206538155], [1612137600000, -0.7989380206538155], [1612137600000, -0.7989380206538155], [1612137600000, -0.7989380206538155], [1612137600000, -0.7989380206538155], [1612137600000, -0.7989380206538155], [1614556800000, -0.42816276095408906], [1614556800000, -0.42816276095408906], [1614556800000, -0.42816276095408906], [1614556800000, -0.42816276095408906], [1614556800000, -0.42816276095408906], [1614556800000, -0.42816276095408906], [1614556800000, -0.42816276095408906], [1614556800000, -0.42816276095408906], [1617235200000, -0.4145357990015657], [1617235200000, -0.4145357990015657], [1617235200000, -0.4145357990015657], [1617235200000, -0.4145357990015657], [1617235200000, -0.4145357990015657], [1617235200000, -0.4145357990015657], [1617235200000, -0.4145357990015657], [1617235200000, -0.4145357990015657], [1619827200000, -0.33467010117954377], [1619827200000, -0.33467010117954377], [1619827200000, -0.33467010117954377], [1619827200000, -0.33467010117954377], [1619827200000, -0.33467010117954377], [1619827200000, -0.33467010117954377], [1619827200000, -0.33467010117954377], [1619827200000, -0.33467010117954377], [1622505600000, -0.950750163405301], [1622505600000, -0.950750163405301], [1622505600000, -0.950750163405301], [1622505600000, -0.950750163405301], [1622505600000, -0.950750163405301], [1622505600000, -0.950750163405301], [1622505600000, -0.950750163405301], [1622505600000, -0.950750163405301]]},