{"time_series": {"min_data": [[1233360000000.0, 1.9727894067764282], [1235779200000.0, 3.036816358566284], [1238457600000.0, 2.0962860584259033], [1241049600000.0, 2.230985641479492], [1243728000000.0, 1.2739124298095703], [1246320000000.0, 2.159682035446167], [1248998400000.0, 6.95481538772583], [1251676800000.0, 6.847362995147705], [1254268800000.0, 3.8349578380584717], [1256947200000.0, 0.7308984994888306], [1259539200000.0, 0.47466760873794556], [1262217600000.0, 0.7242708206176758]], "max_data": [[1233360000000.0, 2.234133005142212], [1235779200000.0, 3.226118803024292], [1238457600000.0, 2.24650502204895], [1241049600000.0, 2.5772416591644287], [1243728000000.0, 1.7465670108795166], [1246320000000.0, 2.6805191040039062], [1248998400000.0, 9.05471420288086], [1251676800000.0, 9.40223217010498], [1254268800000.0, 4.21258020401001], [1256947200000.0, 1.2933825254440308], [1259539200000.0, 0.6942963600158691], [1262217600000.0, 0.8767587542533875]], "median_data": [[1233360000000.0, 2.081531524658203], [1235779200000.0, 3.1037492752075195], [1238457600000.0, 2.1409910917282104], [1241049600000.0, 2.3763480186462402], [1243728000000.0, 1.5452381372451782], [1246320000000.0, 2.346045136451721], [1248998400000.0, 8.266112565994263], [1251676800000.0, 8.381925582885742], [1254268800000.0, 4.068000078201294], [1256947200000.0, 1.0223501026630402], [1259539200000.0, 0.6144221425056458], [1262217600000.0, 0.7950221598148346]], "mean_data": [[1233360000000.0, 2.101745585600535], [1235779200000.0, 3.1214846769968667], [1238457600000.0, 2.157418727874756], [1241049600000.0, 2.3895504474639893], [1243728000000.0, 1.5336223443349202], [1246320000000.0, 2.390719930330912], [1248998400000.0, 8.11317753791809], [1251676800000.0, 8.228792349497477], [1254268800000.0, 4.055488308270772], [1256947200000.0, 1.0176588694254558], [1259539200000.0, 0.5992453098297119], [1262217600000.0, 0.8010205725828806]]}, "success": "success", "interval": "mm"}