{"time_series": {"min_data": [[1635638400000.0, 294.8354797363281]], "max_data": [[1635638400000.0, 296.169189453125]], "median_data": [[1635638400000.0, 295.61766052246094]], "mean_data": [[1635638400000.0, 295.6084442138672]]}, "success": "success", "interval": "mm"}