{"time_series": {"min_data": [[1635638400000.0, 242.49221801757812], [1638230400000.0, 247.19845581054688], [1640908800000.0, 238.67788696289062], [1643587200000.0, 236.19625854492188], [1646006400000.0, 272.064697265625], [1648684800000.0, 259.1507873535156], [1651276800000.0, 238.58299255371094], [1653955200000.0, 222.36647033691406], [1656547200000.0, 192.71163940429688], [1659225600000.0, 198.99269104003906], [1661904000000.0, 293.3387451171875], [1664496000000.0, 268.2110900878906]], "max_data": [[1635638400000.0, 370.71466064453125], [1638230400000.0, 369.6880187988281], [1640908800000.0, 366.9805603027344], [1643587200000.0, 365.0143737792969], [1646006400000.0, 366.169677734375], [1648684800000.0, 365.20306396484375], [1651276800000.0, 365.62750244140625], [1653955200000.0, 365.2603759765625], [1656547200000.0, 363.20098876953125], [1659225600000.0, 364.7953796386719], [1661904000000.0, 380.9577941894531], [1664496000000.0, 372.98284912109375]], "median_data": [[1635638400000.0, 271.11976623535156], [1638230400000.0, 265.1708526611328], [1640908800000.0, 258.16735076904297], [1643587200000.0, 256.1919403076172], [1646006400000.0, 275.56675720214844], [1648684800000.0, 268.32286071777344], [1651276800000.0, 258.6174011230469], [1653955200000.0, 248.60296630859375], [1656547200000.0, 233.6902084350586], [1659225600000.0, 238.56639862060547], [1661904000000.0, 337.9671173095703], [1664496000000.0, 282.9881134033203]], "mean_data": [[1635638400000.0, 281.09200795491535], [1638230400000.0, 279.1749903361003], [1640908800000.0, 272.9471384684245], [1643587200000.0, 270.8504816691081], [1646006400000.0, 290.223149617513], [1648684800000.0, 282.89939371744794], [1651276800000.0, 273.1473617553711], [1653955200000.0, 263.5088933308919], [1656547200000.0, 248.20592244466147], [1659225600000.0, 252.22869110107422], [1661904000000.0, 331.48699442545575], [1664496000000.0, 293.95806376139325]]}, "success": "success", "interval": "mm"}