{"time_series": {"min_data": [[1635638400000.0, 1.3350485563278198], [1638230400000.0, 0.29956740140914917], [1640908800000.0, 0.4384860098361969], [1643587200000.0, 0.0], [1646006400000.0, 0.05357103422284126], [1648684800000.0, 0.14034584164619446], [1651276800000.0, 0.8563774228096008], [1653955200000.0, 0.26468726992607117], [1656547200000.0, 1.7716679573059082], [1659225600000.0, 12.422416687011719], [1661904000000.0, 11.970189094543457], [1664496000000.0, 3.9815502166748047]], "max_data": [[1635638400000.0, 1.6139006614685059], [1638230400000.0, 0.4061119258403778], [1640908800000.0, 0.8360986113548279], [1643587200000.0, 0.0], [1646006400000.0, 2.2885255813598633], [1648684800000.0, 0.659216046333313], [1651276800000.0, 1.4512995481491089], [1653955200000.0, 0.8289090394973755], [1656547200000.0, 3.4285988807678223], [1659225600000.0, 13.890951156616211], [1661904000000.0, 16.086158752441406], [1664496000000.0, 5.788273334503174]], "median_data": [[1635638400000.0, 1.4800982475280762], [1638230400000.0, 0.3662969619035721], [1640908800000.0, 0.5586629807949066], [1643587200000.0, 0.0], [1646006400000.0, 0.24089273065328598], [1648684800000.0, 0.2880917340517044], [1651276800000.0, 1.2670132517814636], [1653955200000.0, 0.6478490829467773], [1656547200000.0, 2.975107789039612], [1659225600000.0, 12.856359481811523], [1661904000000.0, 14.958893299102783], [1664496000000.0, 4.227419376373291]], "mean_data": [[1635638400000.0, 1.4899654785792034], [1638230400000.0, 0.35957926511764526], [1640908800000.0, 0.5873381445805231], [1643587200000.0, 0.0], [1646006400000.0, 0.6591208620617787], [1648684800000.0, 0.3083879326780637], [1651276800000.0, 1.1941833198070526], [1653955200000.0, 0.588748017946879], [1656547200000.0, 2.7435447772343955], [1659225600000.0, 12.98494561513265], [1661904000000.0, 14.385402997334799], [1664496000000.0, 4.481065591176351]]}, "success": "success", "interval": "mm"}