{"time_series": {"min_data": [[1604102400000.0, 304.4834289550781]], "max_data": [[1604102400000.0, 305.2952575683594]], "median_data": [[1604102400000.0, 304.8007354736328]], "mean_data": [[1604102400000.0, 304.8715108235677]]}, "success": "success", "interval": "mm"}