{"time_series": {"min_data": [[1604102400000.0, 0.0027998886071145535], [1606694400000.0, 0.0013843919150531292], [1609372800000.0, 0.000823514477815479]], "max_data": [[1604102400000.0, 0.5222234725952148], [1606694400000.0, 0.03435065969824791], [1609372800000.0, 0.004185433965176344]], "median_data": [[1604102400000.0, 0.2367675657151267], [1606694400000.0, 0.015638293174561113], [1609372800000.0, 0.00233895902056247]], "mean_data": [[1604102400000.0, 0.24945186198844263], [1606694400000.0, 0.016697588997582596], [1609372800000.0, 0.0024080858565866947]]}, "success": "success", "interval": "mm"}