{"time_series": {"min_data": [[1617148800000.0, 285.5500793457031]], "max_data": [[1617148800000.0, 290.3580627441406]], "median_data": [[1617148800000.0, 287.9720916748047]], "mean_data": [[1617148800000.0, 287.9759114583333]]}, "success": "success", "interval": "mm"}