{"time_series": {"min_data": [[1635638400000.0, 0.7854496836662292]], "max_data": [[1635638400000.0, 1.2933825254440308]], "median_data": [[1635638400000.0, 1.1416345238685608]], "mean_data": [[1635638400000.0, 1.0759241779645283]]}, "success": "success", "interval": "mm"}