{"time_series": {"min_data": [[1635638400000.0, 0.0025441909674555063]], "max_data": [[1635638400000.0, 2.9816675186157227]], "median_data": [[1635638400000.0, 1.2538183816941455]], "mean_data": [[1635638400000.0, 1.360029691287006]]}, "success": "success", "interval": "mm"}