{"time_series": {"min_data": [[1604102400000.0, 230.47813415527344], [1606694400000.0, 224.32447814941406], [1609372800000.0, 233.91928100585938]], "max_data": [[1604102400000.0, 368.8285827636719], [1606694400000.0, 366.3072204589844], [1609372800000.0, 364.8668518066406]], "median_data": [[1604102400000.0, 254.49815368652344], [1606694400000.0, 250.22132873535156], [1609372800000.0, 253.85767364501953]], "mean_data": [[1604102400000.0, 269.4911575317383], [1606694400000.0, 265.13846588134766], [1609372800000.0, 268.9796371459961]]}, "success": "success", "interval": "mm"}