{"time_series": {"min_data": [[1585612800000.0, 282.9472961425781], [1588204800000.0, 289.4600830078125], [1590883200000.0, 293.30364990234375], [1593475200000.0, 299.962890625]], "max_data": [[1585612800000.0, 286.5907897949219], [1588204800000.0, 292.0998229980469], [1590883200000.0, 295.74566650390625], [1593475200000.0, 301.3883972167969]], "median_data": [[1585612800000.0, 285.0745544433594], [1588204800000.0, 290.6898498535156], [1590883200000.0, 294.4966735839844], [1593475200000.0, 300.5528564453125]], "mean_data": [[1585612800000.0, 284.94532775878906], [1588204800000.0, 290.7445068359375], [1590883200000.0, 294.52106221516925], [1593475200000.0, 300.6339569091797]]}, "success": "success", "interval": "mm"}