{"time_series": {"min_data": [[1604102400000.0, 0.7308984994888306], [1606694400000.0, 0.47466760873794556], [1609372800000.0, 0.7242708206176758], [1612051200000.0, 1.9727894067764282], [1614470400000.0, 3.036816358566284], [1617148800000.0, 2.0962860584259033]], "max_data": [[1604102400000.0, 1.2933825254440308], [1606694400000.0, 0.6942963600158691], [1609372800000.0, 0.8767587542533875], [1612051200000.0, 2.234133005142212], [1614470400000.0, 3.226118803024292], [1617148800000.0, 2.24650502204895]], "median_data": [[1604102400000.0, 1.0223501026630402], [1606694400000.0, 0.6144221425056458], [1609372800000.0, 0.7950221598148346], [1612051200000.0, 2.081531524658203], [1614470400000.0, 3.1037492752075195], [1617148800000.0, 2.1409910917282104]], "mean_data": [[1604102400000.0, 1.0176588694254558], [1606694400000.0, 0.5992453098297119], [1609372800000.0, 0.8010205725828806], [1612051200000.0, 2.101745585600535], [1614470400000.0, 3.1214846769968667], [1617148800000.0, 2.157418727874756]]}, "success": "success", "interval": "mm"}