{"time_series": {"min_data": [[1233360000000.0, 274.2953796386719], [1235779200000.0, 275.7945556640625], [1238457600000.0, 267.56964111328125], [1241049600000.0, 270.8862609863281], [1243728000000.0, 224.2869873046875], [1246320000000.0, 198.91403198242188], [1248998400000.0, 175.2667236328125], [1251676800000.0, 225.0637664794922], [1254268800000.0, 215.01580810546875], [1256947200000.0, 193.7242889404297], [1259539200000.0, 186.09503173828125], [1262217600000.0, 204.4771728515625]], "max_data": [[1233360000000.0, 366.751708984375], [1235779200000.0, 367.19903564453125], [1238457600000.0, 366.0122985839844], [1241049600000.0, 367.4978942871094], [1243728000000.0, 365.06280517578125], [1246320000000.0, 364.2152404785156], [1248998400000.0, 364.37799072265625], [1251676800000.0, 370.4327087402344], [1254268800000.0, 367.95989990234375], [1256947200000.0, 365.2859191894531], [1259539200000.0, 363.4388732910156], [1262217600000.0, 362.4634704589844]], "median_data": [[1233360000000.0, 275.40211486816406], [1235779200000.0, 286.5848083496094], [1238457600000.0, 272.4121551513672], [1241049600000.0, 276.0047302246094], [1243728000000.0, 249.58758544921875], [1246320000000.0, 236.42803192138672], [1248998400000.0, 223.80498504638672], [1251676800000.0, 254.20013427734375], [1254268800000.0, 246.5148468017578], [1256947200000.0, 234.0228271484375], [1259539200000.0, 228.87747192382812], [1262217600000.0, 237.05306243896484]], "mean_data": [[1233360000000.0, 290.41961669921875], [1235779200000.0, 296.8455810546875], [1238457600000.0, 287.15367635091144], [1241049600000.0, 290.5353647867839], [1243728000000.0, 264.7344284057617], [1246320000000.0, 251.31265513102213], [1248998400000.0, 239.1327133178711], [1251676800000.0, 268.31731669108075], [1254268800000.0, 261.3604482014974], [1256947200000.0, 249.06636810302734], [1259539200000.0, 244.02362314860025], [1262217600000.0, 252.4510726928711]]}, "success": "success", "interval": "mm"}